{"trainLoss": 0.005043553654104471, "validationLoss": 0.004959490150213242, "_timestamp": 1732207904.7769744, "_runtime": 2146.9852464199066, "_step": 10399, "_wandb": {"runtime": 2146}}