{"trainLoss": 0.01775394193828106, "validationLoss": 0, "_timestamp": 1730762917.451535, "_runtime": 170.44438004493713, "_step": 385, "_wandb": {"runtime": 169}}