{"trainLoss": 0.008021722547709942, "validationLoss": 0.005375232081860304, "_timestamp": 1725400436.482306, "_runtime": 513.3754699230194, "_step": 2513, "_wandb": {"runtime": 512}}