{"trainLoss": 0.016948457807302475, "validationLoss": 0.02694544941186905, "_timestamp": 1729721516.2647226, "_runtime": 1169.4955196380615, "_step": 2564, "_wandb": {"runtime": 1169}}