{"trainLoss": 0.0013730978826060891, "validationLoss": 0.0008884626440703869, "_timestamp": 1732189452.7378929, "_runtime": 2026.594510793686, "_step": 5199, "_wandb": {"runtime": 2026}}