{"trainLoss": 0.001984324073418975, "validationLoss": 0.0024051371263340117, "_timestamp": 1732645993.6323552, "_runtime": 5505.359865188599, "_step": 10399, "_wandb": {"runtime": 5507}}