{"trainLoss": 0.006698055192828178, "validationLoss": 0.006105104368180037, "_timestamp": 1732297883.1506746, "_runtime": 7950.441328525543, "_step": 10399, "_wandb": {"runtime": 7954}}