{"trainLoss": 0.006840794812887907, "validationLoss": 0.006163404835388064, "_timestamp": 1732640318.3891392, "_runtime": 6234.159076213837, "_step": 8568}