{"trainLoss": 0.009945765137672424, "validationLoss": 0.007938430644571781, "_timestamp": 1725400757.4101627, "_runtime": 259.2006366252899, "_step": 1322, "_wandb": {"runtime": 258}}