{"trainLoss": 0.005142220761626959, "validationLoss": 0.018462063744664192, "_timestamp": 1725399200.9464188, "_runtime": 109.13745975494385, "_step": 499, "_wandb": {"runtime": 109}}