{"trainLoss": 0.03107084333896637, "validationLoss": 0, "_timestamp": 1732634060.2904844, "_runtime": 55.947694540023804, "_step": 57, "_wandb": {"runtime": 56}}