{"trainLoss": 0.011538276448845863, "validationLoss": 0.006968531757593155, "_timestamp": 1730929573.5757263, "_runtime": 4549.129871368408, "_step": 7009, "_wandb": {"runtime": 4549}}