{"trainLoss": 0.012322841212153435, "validationLoss": 0.01830138824880123, "_timestamp": 1725399819.4957533, "_runtime": 211.72598934173584, "_step": 999, "_wandb": {"runtime": 211}}