{"trainLoss": 0.004433166701346636, "validationLoss": 0.0045946259051561356, "_timestamp": 1732202034.7692492, "_runtime": 2399.304510116577, "_step": 10399, "_wandb": {"runtime": 2398}}