{"trainLoss": 0.0226666871458292, "validationLoss": 0.0, "_timestamp": 1725400479.5775034, "_runtime": 12.938710451126099, "_step": 61, "_wandb": {"runtime": 12}}