{"trainLoss": 0.006417577154934406, "validationLoss": 0.005085702054202557, "_timestamp": 1725409173.3514383, "_runtime": 6480.580662250519, "_step": 20799, "_wandb": {"runtime": 6480}}