{"trainLoss": 0.0019735638052225113, "validationLoss": 0.0024883805774152277, "_timestamp": 1730924792.8047621, "_runtime": 12505.707711219788, "_step": 27233, "_wandb": {"runtime": 12505}}