{"trainLoss": 0.0010107035050168633, "validationLoss": 0.00036253620055504143, "_timestamp": 1732193539.3654578, "_runtime": 3357.7918617725372, "_step": 10399, "_wandb": {"runtime": 3357}}