{"trainLoss": 0.30352944135665894, "validationLoss": 0.0, "_timestamp": 1725401017.685105, "_runtime": 18.324177026748657, "_step": 88, "_wandb": {"runtime": 17}}