{"trainLoss": 0.022183606401085854, "validationLoss": 0.026745107024908066, "_timestamp": 1732187147.2681513, "_runtime": 164.07799220085144, "_step": 233, "_wandb": {"runtime": 163}}