{"trainLoss": 0.003172120777890086, "validationLoss": 0.0065662674605846405, "_timestamp": 1732211648.2874677, "_runtime": 3609.3156328201294, "_step": 10399, "_wandb": {"runtime": 3611}}