{"trainLoss": 0.02446458674967289, "validationLoss": 0.02774004265666008, "_timestamp": 1725398915.6321914, "_runtime": 333.1794214248657, "_step": 180, "_wandb": {"runtime": 334}}