{"trainLoss": 0.017169101163744926, "validationLoss": 0.0, "_timestamp": 1729720013.4707172, "_runtime": 50.07844424247742, "_step": 98, "_wandb": {"runtime": 49}}