{"trainLoss": 0.011978644877672195, "validationLoss": 0.009146434254944324, "_timestamp": 1725400886.5917218, "_runtime": 103.92762875556946, "_step": 519, "_wandb": {"runtime": 103}}