{"trainLoss": 0.023985855281352997, "validationLoss": 0.013204328715801239, "_timestamp": 1725399033.8264837, "_runtime": 68.56411361694336, "_step": 499, "_wandb": {"runtime": 68}}