{"trainLoss": 0.007339647505432367, "validationLoss": 0.006794243678450584, "_timestamp": 1732628434.0307636, "_runtime": 6725.555756568909, "_step": 10399, "_wandb": {"runtime": 6729}}