{"trainLoss": 0.0048250011168420315, "validationLoss": 0.00649139666929841, "_timestamp": 1732289909.916817, "_runtime": 954.0008199214935, "_step": 2044, "_wandb": {"runtime": 953}}