{"trainLoss": 0.36088475584983826, "validationLoss": 0.0, "_timestamp": 1725401148.4400692, "_runtime": 14.137877225875854, "_step": 66, "_wandb": {"runtime": 13}}