{"trainLoss": 0.014578655362129211, "validationLoss": 0.010519139748066664, "_timestamp": 1730764200.570415, "_runtime": 796.5084760189056, "_step": 1800, "_wandb": {"runtime": 796}}