{"trainLoss": 0.0021288604475557804, "validationLoss": 0.002711826248560101, "_timestamp": 1732288830.006861, "_runtime": 4699.129440069199, "_step": 10399, "_wandb": {"runtime": 4700}}