{"trainLoss": 0.010033258236944675, "validationLoss": 0.006747156381607056, "_timestamp": 1725402374.843054, "_runtime": 611.2441790103912, "_step": 2078, "_wandb": {"runtime": 611}}