{"trainLoss": 0.0065470547415316105, "validationLoss": 0.005985378380864858, "_timestamp": 1732144608.681715, "_runtime": 6752.587949037552, "_step": 10115}