{"trainLoss": 0.16269078850746155, "validationLoss": 0.2353755533695221, "_timestamp": 1725401317.7029355, "_runtime": 153.44758439064026, "_step": 499, "_wandb": {"runtime": 153}}