{"trainLoss": 0.0068322462029755116, "validationLoss": 0.009056429378688335, "_timestamp": 1729728026.4211998, "_runtime": 3474.5383648872375, "_step": 5533, "_wandb": {"runtime": 3474}}