{"trainLoss": 0.008524701930582523, "validationLoss": 0.007985623553395271, "_timestamp": 1732198031.7334569, "_runtime": 3392.217577934265, "_step": 10399, "_wandb": {"runtime": 3391}}