{"trainLoss": 0.02533353678882122, "validationLoss": 0.035461779683828354, "_timestamp": 1725401742.4767141, "_runtime": 326.37954211235046, "_step": 1052, "_wandb": {"runtime": 326}}