{"trainLoss": 0.006567833479493856, "validationLoss": 0.00804219078272581, "_timestamp": 1730851256.4244874, "_runtime": 3589.420701265335, "_step": 7154, "_wandb": {"runtime": 3589}}