{"trainLoss": 0.01592281088232994, "validationLoss": 0.008391918661072851, "_timestamp": 1732300221.0987303, "_runtime": 2313.2379233837128, "_step": 3701}