{"trainLoss": 0.01302930898964405, "validationLoss": 0.0022479668259620667, "_timestamp": 1729724509.1189945, "_runtime": 2401.145220518112, "_step": 4999, "_wandb": {"runtime": 2402}}