{"trainLoss": 0.003373008454218507, "validationLoss": 0.00340346188750118, "_timestamp": 1732284108.4809961, "_runtime": 4686.8963141441345, "_step": 10399, "_wandb": {"runtime": 4688}}