{"trainLoss": 0.0006847266922704875, "validationLoss": 0.0004025859816465527, "_timestamp": 1732830286.8242047, "_runtime": 5267.393501758575, "_step": 10399, "_wandb": {"runtime": 5266}}